path	git_type	mode	bytes	role	readability	line_count	audit_status	references_in	references_out	findings	follow_up
.gitattributes	blob	100644	2161	Git normalization	text		AUDITED			0	no
.github/ISSUE_TEMPLATE/device_bug_report.md	blob	100644	1983	Issue template	text		AUDITED			1	yes
.github/pull_request_template.md	blob	100644	2005	PR template	text		AUDITED			0	no
.github/workflows/audit-hardening-native.yml	blob	100644	8075	GitHub Actions workflow	text		AUDITED			2	yes
.github/workflows/gen1-cleanup3-candidate.yml	blob	100644	14205	GitHub Actions workflow	text		AUDITED			1	yes
.github/workflows/gen1-cleanup3-focused.yml	blob	100644	8975	GitHub Actions workflow	text		AUDITED			1	yes
.github/workflows/gen1-editor-candidate.yml	blob	100644	15930	GitHub Actions workflow	text		AUDITED			1	yes
.github/workflows/gen12-packed-move-focused.yml	blob	100644	2977	GitHub Actions workflow	text		AUDITED			0	no
.github/workflows/gen12-packed-multimove-focused.yml	blob	100644	3132	GitHub Actions workflow	text		AUDITED			0	no
.github/workflows/gen2-audit-candidate.yml	blob	100644	20783	GitHub Actions workflow	text		AUDITED			1	yes
.github/workflows/gen2-compat-data.yml	blob	100644	1380	GitHub Actions workflow	text		AUDITED			0	no
.github/workflows/gen3-shared-editor-candidate.yml	blob	100644	13512	GitHub Actions workflow	text		AUDITED			1	yes
.github/workflows/gen4-shared-editor-candidate.yml	blob	100644	7028	GitHub Actions workflow	text		AUDITED			2	yes
.github/workflows/host-tests.yml	blob	100644	3800	GitHub Actions workflow	text		AUDITED			0	no
.github/workflows/import-pkse.yml	blob	100644	1147	GitHub Actions workflow	text		AUDITED			1	yes
.github/workflows/inventory-hardware-retest.yml	blob	100644	18446	GitHub Actions workflow	text		AUDITED			2	yes
.github/workflows/leafgreen-device-build.yml	blob	100644	10590	GitHub Actions workflow	text		AUDITED			2	yes
.github/workflows/recovery-snapshot.yml	blob	100644	4942	GitHub Actions workflow	text		AUDITED			0	no
.github/workflows/v1-polish-native.yml	blob	100644	7136	GitHub Actions workflow	text		AUDITED			2	yes
.gitignore	blob	100644	730	repository/build metadata	text		AUDITED			0	
.gitmodules	blob	100644	105	repository/build metadata	text		AUDITED			0	
CURRENT_STATUS.md	blob	100644	4217	repository/build metadata	text		AUDITED			0	
CppProperties.json	blob	100644	1122	repository/build metadata	text		AUDITED			1	yes
LICENSE	blob	100644	34523	repository/build metadata	text		AUDITED			0	
Makefile	blob	100644	17683	repository/build metadata	text		AUDITED			0	
Makefile.host	blob	100644	409	repository/build metadata	text		AUDITED			0	
Makefile.host.base	blob	100644	19259	repository/build metadata	text		AUDITED			1	yes
Makefile.host.classic_inventory	blob	100644	1880	repository/build metadata	text		AUDITED			0	
Makefile.host.cleanup3	blob	100644	6680	repository/build metadata	text		AUDITED			0	
Makefile.host.editor	blob	100644	13297	repository/build metadata	text		AUDITED			0	
Makefile.host.gen4	blob	100644	6863	repository/build metadata	text		AUDITED			0	
Makefile.host.gsc	blob	100644	8509	repository/build metadata	text		AUDITED			0	
Makefile.host.hardware-fixes	blob	100644	20142	repository/build metadata	text		AUDITED			0	
Makefile.host.machine	blob	100644	760	repository/build metadata	text		AUDITED			0	
Makefile.host.shared-editor	blob	100644	2994	repository/build metadata	text		AUDITED			0	
Makefile.host.source-instances	blob	100644	1095	repository/build metadata	text		AUDITED			0	
Makefile.host.standalone	blob	100644	1457	repository/build metadata	text		AUDITED			0	
PHILOSOPHY.md	blob	100644	1093	repository/build metadata	text		AUDITED			0	
PKSE.sln	blob	100644	1032	repository/build metadata	text		AUDITED			1	yes
PKSE.vcxproj	blob	100644	14698	repository/build metadata	text		AUDITED			1	yes
PKSE.vcxproj.filters	blob	100644	23567	repository/build metadata	text		AUDITED			1	yes
PKSE.vcxproj.user	blob	100644	165	repository/build metadata	text		AUDITED			0	
PROJECT_STATUS.md	blob	100644	4030	repository/build metadata	text		AUDITED			0	
README.md	blob	100644	13599	repository/build metadata	text		AUDITED			1	yes
assets/banner.png	blob	100644	714084	asset/recovery binary	binary		INSPECTED_INDIRECTLY			0	
assets/game_cards/README.md	blob	100644	2883	asset provenance	text		AUDITED			0	
assets/game_cards/blue_gb.png	blob	100644	570913	asset/recovery binary	binary		INSPECTED_INDIRECTLY			0	
assets/game_cards/crystal_gbc.png	blob	100644	427867	asset/recovery binary	binary		INSPECTED_INDIRECTLY			0	
assets/game_cards/diamond_nds.png	blob	100644	344416	asset/recovery binary	binary		INSPECTED_INDIRECTLY			0	
assets/game_cards/emerald_gba.png	blob	100644	469902	asset/recovery binary	binary		INSPECTED_INDIRECTLY			0	
assets/game_cards/firered_gba.png	blob	100644	522140	asset/recovery binary	binary		INSPECTED_INDIRECTLY			0	
assets/game_cards/gold_gbc.png	blob	100644	448661	asset/recovery binary	binary		INSPECTED_INDIRECTLY			0	
assets/game_cards/heartgold_nds.png	blob	100644	407072	asset/recovery binary	binary		INSPECTED_INDIRECTLY			0	
assets/game_cards/leafgreen_gba.png	blob	100644	519106	asset/recovery binary	binary		INSPECTED_INDIRECTLY			0	
assets/game_cards/manifest.json	blob	100644	4892	asset provenance	text		AUDITED			0	
assets/game_cards/pearl_nds.png	blob	100644	347156	asset/recovery binary	binary		INSPECTED_INDIRECTLY			0	
assets/game_cards/platinum_nds.png	blob	100644	369346	asset/recovery binary	binary		INSPECTED_INDIRECTLY			0	
assets/game_cards/red_gb.png	blob	100644	478309	asset/recovery binary	binary		INSPECTED_INDIRECTLY			0	
assets/game_cards/ruby_gba.png	blob	100644	455614	asset/recovery binary	binary		INSPECTED_INDIRECTLY			0	
assets/game_cards/sapphire_gba.png	blob	100644	479223	asset/recovery binary	binary		INSPECTED_INDIRECTLY			0	
assets/game_cards/silver_gbc.png	blob	100644	370307	asset/recovery binary	binary		INSPECTED_INDIRECTLY			0	
assets/game_cards/soulsilver_nds.png	blob	100644	349164	asset/recovery binary	binary		INSPECTED_INDIRECTLY			0	
assets/game_cards/yellow_gb.png	blob	100644	481547	asset/recovery binary	binary		INSPECTED_INDIRECTLY			0	
assets/icon.jpg	blob	100644	22601	asset/recovery binary	binary		INSPECTED_INDIRECTLY			0	
assets/recovery_overrides/README.md	blob	100644	1058	repository/build metadata	text		AUDITED			0	
assets/screenshots/0.jpg	blob	100644	194238	asset/recovery binary	binary		INSPECTED_INDIRECTLY			0	
assets/screenshots/1.jpg	blob	100644	209665	asset/recovery binary	binary		INSPECTED_INDIRECTLY			0	
assets/screenshots/10.jpg	blob	100644	155134	asset/recovery binary	binary		INSPECTED_INDIRECTLY			0	
assets/screenshots/11.jpg	blob	100644	171074	asset/recovery binary	binary		INSPECTED_INDIRECTLY			0	
assets/screenshots/12.jpg	blob	100644	172022	asset/recovery binary	binary		INSPECTED_INDIRECTLY			0	
assets/screenshots/13.jpg	blob	100644	192992	asset/recovery binary	binary		INSPECTED_INDIRECTLY			0	
assets/screenshots/2.jpg	blob	100644	116481	asset/recovery binary	binary		INSPECTED_INDIRECTLY			0	
assets/screenshots/3.jpg	blob	100644	127772	asset/recovery binary	binary		INSPECTED_INDIRECTLY			0	
assets/screenshots/4.jpg	blob	100644	123560	asset/recovery binary	binary		INSPECTED_INDIRECTLY			0	
assets/screenshots/5.jpg	blob	100644	135816	asset/recovery binary	binary		INSPECTED_INDIRECTLY			0	
assets/screenshots/6.jpg	blob	100644	95780	asset/recovery binary	binary		INSPECTED_INDIRECTLY			0	
assets/screenshots/7.jpg	blob	100644	103257	asset/recovery binary	binary		INSPECTED_INDIRECTLY			0	
assets/screenshots/8.jpg	blob	100644	83436	asset/recovery binary	binary		INSPECTED_INDIRECTLY			0	
assets/screenshots/9.jpg	blob	100644	93360	asset/recovery binary	binary		INSPECTED_INDIRECTLY			0	
docs/ARCHITECTURE.md	blob	100644	11613	documentation	text		AUDITED			0	
docs/AUDIT_STATUS_2026-09-23.md	blob	100644	145052	documentation	text		AUDITED			0	
docs/BANK_PROJECT_REFERENCE_AUDIT_2026-09-02.md	blob	100644	14081	documentation	text		AUDITED			0	
docs/BUILD_BLOCKER_92bde34d_2026-09-09.md	blob	100644	2890	documentation	text		AUDITED			0	
docs/BUILD_RECORD.md	blob	100644	5482	documentation	text		AUDITED			0	
docs/CLASSIC_SAVE_EDITOR_ARCHITECTURE.md	blob	100644	5963	documentation	text		AUDITED			0	
docs/CODEX_SESSION.md	blob	100644	6818	documentation	text		AUDITED			0	
docs/COMPANION_MOVE_LAB_MAP_GUIDE_RESEARCH_2026-09-03.md	blob	100644	15782	documentation	text		AUDITED			0	
docs/CONTEXTUAL_CONTROL_FOOTER.md	blob	100644	4961	documentation	text		AUDITED			0	
docs/CONTROLS.md	blob	100644	9324	documentation	text		AUDITED			0	
docs/CREATE_POKEMON_VISION.md	blob	100644	11178	documentation	text		AUDITED			0	
docs/DATA_REGENERATION.md	blob	100644	2804	documentation	text		AUDITED			0	
docs/DEVICE_ARTIFACT_PACKAGING.md	blob	100644	2142	documentation	text		AUDITED			0	
docs/DEVICE_BUILD_ASSET_GATE.md	blob	100644	3613	documentation	text		AUDITED			0	
docs/DEVICE_TEST_CHECKLIST.md	blob	100644	16160	documentation	text		AUDITED			0	
docs/DEVICE_TEST_CHECKLIST_SECOND_2026-09-02.md	blob	100644	10950	documentation	text		AUDITED			0	
docs/DEVICE_TEST_EXTENDED_REPORT_2026-09-02.md	blob	100644	7790	documentation	text		AUDITED			0	
docs/DEVICE_TEST_FOLLOWUP_2026-09-03.md	blob	100644	12334	documentation	text		AUDITED			0	
docs/DEVICE_TEST_REPORT_2026-09-01.md	blob	100644	4371	documentation	text		AUDITED			0	
docs/DEVICE_TEST_SPRITE_MOTION_FEEDBACK_2026-09-05.md	blob	100644	1307	documentation	text		AUDITED			0	
docs/FEATURE_FEASIBILITY_MATRIX.md	blob	100644	16923	documentation	text		AUDITED			0	
docs/FINAL_HANDOFF_2026-09-03.md	blob	100644	9428	documentation	text		AUDITED			0	
docs/FUTURE_LEGAL_POKEMON_GENERATOR.md	blob	100644	2244	documentation	text		AUDITED			0	
docs/FUTURE_PRODUCT_VISION.md	blob	100644	19374	documentation	text		AUDITED			0	
docs/GAMECUBE_REFERENCE_AUDIT_2026-09-09.md	blob	100644	6342	documentation	text		AUDITED			0	
docs/GAME_SUPPORT_MATRIX.md	blob	100644	6132	documentation	text		AUDITED			0	
docs/GEN1_EDITOR_DEVICE_ACCEPTANCE_2026-09-14.md	blob	100644	3112	documentation	text		AUDITED			0	
docs/GEN1_EDITOR_HARDWARE_UX_FOLLOWUP_2026-09-13.md	blob	100644	5652	documentation	text		AUDITED			0	
docs/GEN1_MOVE_COMPATIBILITY_REFERENCE.md	blob	100644	2603	documentation	text		AUDITED			0	
docs/GEN1_SHINY_SPRITE_REFERENCE.md	blob	100644	1591	documentation	text		AUDITED			0	
docs/GEN1_SUMMARY_RADAR_RETEST.md	blob	100644	3713	documentation	text		AUDITED			0	
docs/GEN1_UX_CLEANUP3_HARDWARE_FOLLOWUP_2026-09-13.md	blob	100644	2670	documentation	text		AUDITED			0	
docs/GEN1_UX_CLEANUP3_MODEL_CHECKPOINT.md	blob	100644	1197	documentation	text		AUDITED			0	
docs/GEN2_AUDIT_RESEARCH.md	blob	100644	7964	documentation	text		AUDITED			0	
docs/HOME_BRIDGE_HISTORICAL_TRANSFER_RESEARCH_2026-09-03.md	blob	100644	10473	documentation	text		AUDITED			0	
docs/ISSUE71_UNIVERSAL_EDITOR_REUSE_FREEZE.md	blob	100644	19265	documentation	text		AUDITED			0	
docs/MASTER_VAULT_SPEC.md	blob	100644	12759	documentation	text		AUDITED			0	
docs/MODDED_SWITCH_FEATURE_BACKLOG.md	blob	100644	11837	documentation	text		AUDITED			0	
docs/MUTATION_SAFETY_STATIC_AUDIT_2026-09-02.md	blob	100644	12269	documentation	text		AUDITED			0	
docs/NEXT_CODEX_PROMPT.md	blob	100644	4939	documentation	text		AUDITED			0	
docs/NEXT_SESSION_PLAN.md	blob	100644	5001	documentation	text		AUDITED			0	
docs/NRO_QUALITY_ROADMAP.md	blob	100644	10913	documentation	text		AUDITED			0	
docs/OPENHOME_SWITCH_PLATFORM_REFERENCE_AUDIT_2026-09-03.md	blob	100644	11128	documentation	text		AUDITED			0	
docs/PKHEX_ORACLE.md	blob	100644	7584	documentation	text		AUDITED			0	
docs/PKHOUSE_REFERENCE.md	blob	100644	11391	documentation	text		AUDITED			0	
docs/PKSE_SPRITE_PIPELINE_AUDIT_2026-09-02.md	blob	100644	7619	documentation	text		AUDITED			0	
docs/PKSM_CORE_INTEGRATION.md	blob	100644	6053	documentation	text		AUDITED			0	
docs/POKEDEX_SPEC.md	blob	100644	7596	documentation	text		AUDITED			0	
docs/POKEMON_CRY_AUDIO_AUDIT_2026-09-02.md	blob	100644	7658	documentation	text		AUDITED			0	
docs/POKEMON_EDITOR_UI_CONTRACT.md	blob	100644	6208	documentation	text		AUDITED			0	
docs/POKEMON_IDENTITY_CUSTODY_CONTRACT.md	blob	100644	6263	documentation	text		AUDITED			0	
docs/POKEMON_VISUAL_ASSET_AUDIT_2026-09-02.md	blob	100644	16500	documentation	text		AUDITED			0	
docs/PRODUCT_DECISIONS.md	blob	100644	12374	documentation	text		AUDITED			0	
docs/PRODUCT_UI_PHILOSOPHY.md	blob	100644	10569	documentation	text		AUDITED			0	
docs/PROJECT_MAP.md	blob	100644	12870	documentation	text		AUDITED			0	
docs/PROJECT_RESOURCE_INDEX.md	blob	100644	15977	documentation	text		AUDITED			0	
docs/PROMPT_MONDAY_RECOVERY_SESSION2_6.md	blob	100644	4726	documentation	text		AUDITED			0	
docs/PROMPT_RECOVERY_PUBLISH_NRO_2026-09-09.md	blob	100644	7808	documentation	text		AUDITED			0	
docs/PROMPT_SESSION2_5_FINISH.md	blob	100644	5461	documentation	text		AUDITED			0	
docs/PROMPT_SESSION2_5_VISUAL_SHELL.md	blob	100644	11450	documentation	text		AUDITED			0	
docs/PROMPT_SESSION2_6_BUILD_ASSET_ADDENDUM.md	blob	100644	2544	documentation	text		AUDITED			0	
docs/PROMPT_SESSION2_6_SAFETY_CRASH_FINISH.md	blob	100644	17340	documentation	text		AUDITED			0	
docs/PROMPT_SESSION2_RECOVERY.md	blob	100644	8422	documentation	text		AUDITED			0	
docs/PROMPT_SESSION3_PKSM_CORE.md	blob	100644	6535	documentation	text		AUDITED			0	
docs/RECOVERY_CONTRACT.md	blob	100644	8216	documentation	text		AUDITED			0	
docs/RELEASE_CHECKLIST.md	blob	100644	10095	documentation	text		AUDITED			0	
docs/RESEARCH_CURRENT_INDEX.md	blob	100644	10950	documentation	text		AUDITED			0	
docs/RESEARCH_INTAKE_2026-09-09.md	blob	100644	3567		unknown		PENDING			0	
docs/RESEARCH_REFERENCE_INDEX.md	blob	100644	12271	documentation	text		AUDITED			0	
docs/RESEARCH_REFERENCE_MATRIX.md	blob	100644	20148		unknown		PENDING			0	
docs/RESEARCH_STATUS_2026-09-13.md	blob	100644	8376	documentation	text		AUDITED			0	
docs/RETROARCH_SOURCE_NAMING.md	blob	100644	9545		unknown		PENDING			0	
docs/SAVE_ENGINE_REFERENCE_AUDIT_2026-09-03.md	blob	100644	11211	documentation	text		AUDITED			0	
docs/SAVE_FORMAT_EDGE_CASE_RESEARCH_2026-09-13.md	blob	100644	16092	documentation	text		AUDITED			0	
docs/SAVE_SAFETY.md	blob	100644	9108		unknown		PENDING			0	
docs/SAVE_STORAGE_DISCOVERY_RESEARCH_2026-09-13.md	blob	100644	18028		unknown		PENDING			0	
docs/SESSION2_6_SAFETY_IMPLEMENTATION.md	blob	100644	4629		unknown		PENDING			0	
docs/SESSION_LOG_2026-09-01.md	blob	100644	5059		unknown		PENDING			0	
docs/SESSION_LOG_2026-09-02.md	blob	100644	9199		unknown		PENDING			0	
docs/SESSION_RUNBOOK.md	blob	100644	4624		unknown		PENDING			0	
docs/STANDALONE_RUNTIME.md	blob	100644	2498		unknown		PENDING			0	
docs/SWITCH_FILESYSTEM_SAFE_REPLACE_RESEARCH_2026-09-09.md	blob	100644	8767		unknown		PENDING			0	
docs/TRAINER_PLAZA_VISION.md	blob	100644	15642		unknown		PENDING			0	
docs/TRANSFER_MODEL.md	blob	100644	12593		unknown		PENDING			0	
docs/UI_FLOW.md	blob	100644	9539		unknown		PENDING			0	
docs/UI_OWNERSHIP_STATUS.md	blob	100644	1804		unknown		PENDING			0	
docs/UI_STYLE_GUIDE.md	blob	100644	14711		unknown		PENDING			0	
docs/UPR_ZX_REFERENCE_AUDIT_2026-09-03.md	blob	100644	5186		unknown		PENDING			0	
docs/UPSTREAM_AUDIT.md	blob	100644	13541		unknown		PENDING			0	
docs/V1_POLISH_AUDIT_2026-09-28.md	blob	100644	3258		unknown		PENDING			0	
docs/V1_ROADMAP.md	blob	100644	7787		unknown		PENDING			0	
docs/V2_PLATFORM_VISION.md	blob	100644	8970		unknown		PENDING			0	
docs/V2_ROADMAP.md	blob	100644	9882		unknown		PENDING			0	
docs/audit/G4-01-READONLY-FOUNDATION.md	blob	100644	11009		unknown		PENDING			0	
docs/audit/ISSUE85-SAVE-INSTANCES.md	blob	100644	6372		unknown		PENDING			0	
docs/history/CURRENT_STATUS_PRE_LEAFGREEN_2026-09-09.md	blob	100644	9727		unknown		PENDING			0	
docs/history/NEXT_CODEX_PROMPT_PRE_LEAFGREEN_2026-09-09.md	blob	100644	8091		unknown		PENDING			0	
docs/history/PROJECT_RESOURCE_INDEX_PRE_CHUNKS_2026-09-09.md	blob	100644	14195		unknown		PENDING			0	
docs/history/README.md	blob	100644	1355		unknown		PENDING			0	
docs/research/2026-09-09/BANK_HOME_PRESERVATION_CAPTURE_PLAN.md	blob	100644	8114		unknown		PENDING			0	
docs/research/2026-09-09/BANK_HOME_PUBLIC_CORPUS_AUDIT.md	blob	100644	10406		unknown		PENDING			0	
docs/research/2026-09-09/LEGACY_RECOVERY_GAMECUBE_STADIUM.md	blob	100644	8737		unknown		PENDING			0	
docs/research/2026-09-09/OFFICIAL_PATH_TRANSFER_CORPUS_AUDIT.md	blob	100644	5406		unknown		PENDING			0	
docs/research/2026-09-09/POWERLOSS_DURABILITY_TEST_PLAN.md	blob	100644	4500		unknown		PENDING			0	
docs/research/2026-09-09/RIBBON_BANK_EVENT_PRESERVATION_REFERENCES.md	blob	100644	5206		unknown		PENDING			0	
docs/research/2026-09-09/SAVE_FORMATS_PROFILES_CONTAINERS.md	blob	100644	11253		unknown		PENDING			0	
docs/research/2026-09-09/SOURCE_MANIFEST.md	blob	100644	6761		unknown		PENDING			0	
docs/research/2026-09-09/TRANSFER_FIXTURES_PROVENANCE.md	blob	100644	12005		unknown		PENDING			0	
docs/research/2026-09-09/VAULT_DATA_EVENTS_PERFORMANCE.md	blob	100644	11906		unknown		PENDING			0	
docs/research/2026-09-09/VAULT_PERFORMANCE_EVENT_RIGHTS_AUDIT.md	blob	100644	5181		unknown		PENDING			0	
docs/research/2026-09-11/GSC_FORMAT_ORACLE.md	blob	100644	5618		unknown		PENDING			0	
include/Conversion/Convert.h	blob	100644	8740		unknown		PENDING			0	
include/Conversion/Fidelity.h	blob	100644	5970		unknown		PENDING			0	
include/Conversion/Gen3PidSearch.h	blob	100644	3299		unknown		PENDING			0	
include/Conversion/RouteEvidence.h	blob	100644	5268		unknown		PENDING			0	
include/Encryption/Encryption.h	blob	100644	6128		unknown		PENDING			0	
include/Encryption/Encryption3FRLG.h	blob	100644	2671		unknown		PENDING			0	
include/Encryption/Encryption4.h	blob	100644	769		unknown		PENDING			0	
include/Encryption/Encryption7LGPE.h	blob	100644	6171		unknown		PENDING			0	
include/Encryption/Encryption8BDSP.h	blob	100644	4569		unknown		PENDING			0	
include/Encryption/Encryption8LA.h	blob	100644	4348		unknown		PENDING			0	
include/Encryption/Encryption8SWSH.h	blob	100644	4274		unknown		PENDING			0	
include/Encryption/Encryption9LZA.h	blob	100644	5007		unknown		PENDING			0	
include/Encryption/Encryption9SV.h	blob	100644	4988		unknown		PENDING			0	
include/Enums/Ball.h	blob	100644	3262		unknown		PENDING			0	
include/Enums/GameVersion.h	blob	100644	16083		unknown		PENDING			0	
include/Enums/LanguageID.h	blob	100644	2448		unknown		PENDING			0	
include/Enums/SCTypeCode.h	blob	100644	738		unknown		PENDING			0	
include/Games/GameIdentity.h	blob	100644	1562	game/source identity descriptor API	text	48	AUDITED			0	no
include/Globals.h	blob	100644	3371		unknown		PENDING			0	
include/Integration/Encounter/EncounterGuardrails.h	blob	100644	7503		unknown		PENDING			0	
include/Integration/Encounter/EncounterGuardrailsData.inc	blob	100644	294637		unknown		PENDING			0	
include/Integration/Gen1/Gen1MoveCompatibility.h	blob	100644	1074		unknown		PENDING			0	
include/Integration/Gen1/Gen1ReadOnlyInventory.h	blob	100644	859		unknown		PENDING			0	
include/Integration/Gen1/Gen1ReadOnlySave.h	blob	100644	3786		unknown		PENDING			0	
include/Integration/Gen1/Gen1Shiny.h	blob	100644	2600		unknown		PENDING			0	
include/Integration/Gen1/Gen1StagedInventoryEditor.h	blob	100644	2602		unknown		PENDING			0	
include/Integration/Gen1/Gen1StagedPokemonEditor.h	blob	100644	5690		unknown		PENDING			0	
include/Integration/Gen2/Gen2BattleStats.h	blob	100644	2794		unknown		PENDING			0	
include/Integration/Gen2/Gen2ExportTransaction.h	blob	100644	1995		unknown		PENDING			0	
include/Integration/Gen2/Gen2HeldItems.h	blob	100644	1465		unknown		PENDING			0	
include/Integration/Gen2/Gen2MoveCompatibility.h	blob	100644	998		unknown		PENDING			0	
include/Integration/Gen2/Gen2PersonalData.h	blob	100644	1174		unknown		PENDING			0	
include/Integration/Gen2/Gen2ReadOnlyInventory.h	blob	100644	1384		unknown		PENDING			0	
include/Integration/Gen2/Gen2ReadOnlySave.h	blob	100644	4073		unknown		PENDING			0	
include/Integration/Gen2/Gen2StagedEditor.h	blob	100644	8057		unknown		PENDING			0	
include/Integration/Gen3/FRLGReadModel.h	blob	100644	1019		unknown		PENDING			0	
include/Integration/Gen3/Gen3ExactFormatEditorProvider.h	blob	100644	3293	Gen III staged editor capability provider	text	74	AUDITED			0	no
include/Integration/Gen3/Gen3LearnsetTable.h	blob	100644	325875		unknown		PENDING			0	
include/Integration/Gen3/Gen3SaveValidation.h	blob	100644	6786		unknown		PENDING			0	
include/Integration/Gen3/Gen3StagedInventoryEditor.h	blob	100644	2376		unknown		PENDING			0	
include/Integration/Gen3/Gen3StagedPokemonEditor.h	blob	100644	7053		unknown		PENDING			0	
include/Integration/Gen3/PKSMGen3Adapter.h	blob	100644	5080		unknown		PENDING			0	
include/Integration/Gen4/Gen4AssignedSource.h	blob	100644	759		unknown		PENDING			0	
include/Integration/Gen4/Gen4ExactFormatEditorProvider.h	blob	100644	2446	Gen IV staged editor capability provider	text	58	AUDITED			0	no
include/Integration/Gen4/Gen4ReadOnlySave.h	blob	100644	4491		unknown		PENDING			0	
include/Integration/Gen4/Gen4SourceDiscovery.h	blob	100644	4071	Gen IV source discovery/container contract	text	126	AUDITED			0	no
include/Integration/Gen4/Gen4StagedPokemonEditor.h	blob	100644	3893		unknown		PENDING			0	
include/Inventory/ClassicInventoryCatalog.h	blob	100644	1530		unknown		PENDING			0	
include/Legacy/FRLGReadOnlyTrainer.h	blob	100644	2870		unknown		PENDING			0	
include/Legacy/FRLGSourceBrowser.h	blob	100644	2122	classic source-card browser contract	text	48	AUDITED			0	no
include/Legacy/GSCReadOnlyTrainer.h	blob	100644	3081		unknown		PENDING			0	
include/Legacy/GSCSourceBrowser.h	blob	100644	810	Gen II source browser contract	text	27	AUDITED			0	no
include/Legacy/Gen4ReadOnlyTrainer.h	blob	100644	2823		unknown		PENDING			0	
include/Legacy/LegacySourceBindings.h	blob	100644	4373		unknown		PENDING			0	
include/Legacy/RBYReadOnlyTrainer.h	blob	100644	3202		unknown		PENDING			0	
include/Legacy/RBYSourceBrowser.h	blob	100644	1076	Gen I source browser contract	text	27	AUDITED			0	no
include/Legacy/RetroArchFRLGDiscovery.h	blob	100644	5404		unknown		PENDING			0	
include/Legacy/RetroArchGSCDiscovery.h	blob	100644	1986		unknown		PENDING			0	
include/Legacy/RetroArchRBYDiscovery.h	blob	100644	2363		unknown		PENDING			0	
include/Legality/Legality.h	blob	100644	2255		unknown		PENDING			0	
include/Libs/stb_image.h	blob	100644	283010		unknown		PENDING			0	
include/Names/FormNames.h	blob	100644	1631		unknown		PENDING			0	
include/Names/Gen4HeldItemCatalog.h	blob	100644	1365		unknown		PENDING			0	
include/Names/ItemNames.h	blob	100644	1226		unknown		PENDING			0	
include/Names/ItemPouches.h	blob	100644	1195		unknown		PENDING			0	
include/Names/ItemPresence.h	blob	100644	1033		unknown		PENDING			0	
include/Names/LocationNames.h	blob	100644	3135		unknown		PENDING			0	
include/Names/MachineDisplay.h	blob	100644	1157		unknown		PENDING			0	
include/Names/MoveInfo.h	blob	100644	1596		unknown		PENDING			0	
include/Names/MoveNames.h	blob	100644	410		unknown		PENDING			0	
include/Names/MovePresence.h	blob	100644	949		unknown		PENDING			0	
include/Names/NameLanguage.h	blob	100644	2030		unknown		PENDING			0	
include/Names/RibbonNames.h	blob	100644	2705		unknown		PENDING			0	
include/Names/SpeciesNames.h	blob	100644	286		unknown		PENDING			0	
include/Names/TMMoves.h	blob	100644	1592		unknown		PENDING			0	
include/Names/TypeNames.h	blob	100644	595		unknown		PENDING			0	
include/Pokemon/AbilityInfo.h	blob	100644	2463		unknown		PENDING			0	
include/Pokemon/BaseStatsGen7.h	blob	100644	12156		unknown		PENDING			0	
include/Pokemon/BaseStatsGen89.h	blob	100644	86010		unknown		PENDING			0	
include/Pokemon/Experience.h	blob	100644	2751		unknown		PENDING			0	
include/Pokemon/FormInfo.h	blob	100644	6818		unknown		PENDING			0	
include/Pokemon/FormSpriteMapping.h	blob	100644	1559		unknown		PENDING			0	
include/Pokemon/Gen3PartyRecord.h	blob	100644	2023		unknown		PENDING			0	
include/Pokemon/LearnsetTable.h	blob	100644	1829		unknown		PENDING			0	
include/Pokemon/PLADexTable.h	blob	100644	1623		unknown		PENDING			0	
include/Pokemon/PersonalInfo4DP.h	blob	100644	1126		unknown		PENDING			0	
include/Pokemon/PersonalInfo4HGSS.h	blob	100644	1144		unknown		PENDING			0	
include/Pokemon/PersonalInfo4PT.h	blob	100644	1126		unknown		PENDING			0	
include/Pokemon/PersonalInfoTable.h	blob	100644	5654		unknown		PENDING			0	
include/Pokemon/PersonalRecord.h	blob	100644	632		unknown		PENDING			0	
include/Pokemon/Pokemon.h	blob	100644	26295		unknown		PENDING			0	
include/Pokemon/Pokemon1ReadOnly.h	blob	100644	6742		unknown		PENDING			0	
include/Pokemon/Pokemon2ReadOnly.h	blob	100644	8049		unknown		PENDING			0	
include/Pokemon/Pokemon3FRLG.h	blob	100644	17892		unknown		PENDING			0	
include/Pokemon/Pokemon4Mutable.h	blob	100644	5262		unknown		PENDING			0	
include/Pokemon/Pokemon4ReadOnly.h	blob	100644	4058		unknown		PENDING			0	
include/Pokemon/Pokemon4ReadOnlyView.h	blob	100644	4569		unknown		PENDING			0	
include/Pokemon/Pokemon7LGPE.h	blob	100644	38973		unknown		PENDING			0	
include/Pokemon/Pokemon8BDSP.h	blob	100644	38629		unknown		PENDING			0	
include/Pokemon/Pokemon8LA.h	blob	100644	41226		unknown		PENDING			0	
include/Pokemon/Pokemon8SWSH.h	blob	100644	38413		unknown		PENDING			0	
include/Pokemon/Pokemon9LZA.h	blob	100644	38592		unknown		PENDING			0	
include/Pokemon/Pokemon9SV.h	blob	100644	39132		unknown		PENDING			0	
include/Pokemon/PokemonTypes.h	blob	100644	2693		unknown		PENDING			0	
include/Pokemon/SVDexTable.h	blob	100644	1761		unknown		PENDING			0	
include/Pokemon/SWSHDexTable.h	blob	100644	1544		unknown		PENDING			0	
include/Pokemon/SpeciesConverter3.h	blob	100644	7432		unknown		PENDING			0	
include/Pokemon/SpeciesConverter9.h	blob	100644	4959		unknown		PENDING			0	
include/Safety/SourceMutationPolicy.h	blob	100644	987	source mutation capability gate	text	35	AUDITED			0	no
include/Safety/WritePolicy.h	blob	100644	1060	low-level live save write policy	text	34	AUDITED			0	no
include/Save/BDSPReadValidation.h	blob	100644	832		unknown		PENDING			0	
include/Save/Block.h	blob	100644	1357		unknown		PENDING			0	
include/Save/EditableSaveCapabilities.h	blob	100644	1408		unknown		PENDING			0	
include/Save/GetSaveFileContents.h	blob	100644	8252		unknown		PENDING			0	
include/Save/PLAReadValidation.h	blob	100644	2426		unknown		PENDING			0	
include/Save/RtcFooter.h	blob	100644	582		unknown		PENDING			0	
include/Source/SaveInstance.h	blob	100644	7242	provider-neutral source instance/identity/access model	text	187	AUDITED			0	no
include/Trainer/Bank.h	blob	100644	5839		unknown		PENDING			0	
include/Trainer/BankFormatPolicy.h	blob	100644	711		unknown		PENDING			0	
include/Trainer/Inventory.h	blob	100644	234		unknown		PENDING			0	
include/Trainer/Inventory3FRLG.h	blob	100644	2616		unknown		PENDING			0	
include/Trainer/Inventory7LGPE.h	blob	100644	4802		unknown		PENDING			0	
include/Trainer/Inventory8BDSP.h	blob	100644	6834		unknown		PENDING			0	
include/Trainer/Inventory8LA.h	blob	100644	2075		unknown		PENDING			0	
include/Trainer/Inventory8SWSH.h	blob	100644	2333		unknown		PENDING			0	
include/Trainer/Inventory9LZA.h	blob	100644	3630		unknown		PENDING			0	
include/Trainer/Inventory9SV.h	blob	100644	4041		unknown		PENDING			0	
include/Trainer/Trainer.h	blob	100644	23219		unknown		PENDING			0	
include/Trainer/Trainer3FRLG.h	blob	100644	5993		unknown		PENDING			0	
include/Trainer/Trainer7LGPE.h	blob	100644	14302		unknown		PENDING			0	
include/Trainer/Trainer8BDSP.h	blob	100644	4288		unknown		PENDING			0	
include/Trainer/Trainer8LA.h	blob	100644	11080		unknown		PENDING			0	
include/Trainer/Trainer8SWSH.h	blob	100644	9892		unknown		PENDING			0	
include/Trainer/Trainer9LZA.h	blob	100644	10108		unknown		PENDING			0	
include/Trainer/Trainer9SV.h	blob	100644	10575		unknown		PENDING			0	
include/UI/ActionSheetModel.h	blob	100644	4742		unknown		PENDING			0	
include/UI/BackupSelectionScreen.h	blob	100644	2962		unknown		PENDING			0	
include/UI/BattleStatRadarModel.h	blob	100644	2187		unknown		PENDING			0	
include/UI/ClassicDefaultNickname.h	blob	100644	929		unknown		PENDING			0	
include/UI/ClassicGameContext.h	blob	100644	3038		unknown		PENDING			0	
include/UI/ClassicInventoryOverlay.h	blob	100644	875		unknown		PENDING			0	
include/UI/ClassicInventoryUIModel.h	blob	100644	2093		unknown		PENDING			0	
include/UI/ClassicPackedMultiSelect.h	blob	100644	2015		unknown		PENDING			0	
include/UI/ClassicSpeciesLevelPolicy.h	blob	100644	490		unknown		PENDING			0	
include/UI/ClassicTypeBadges.h	blob	100644	1788		unknown		PENDING			0	
include/UI/Common.h	blob	100644	23705		unknown		PENDING			0	
include/UI/ControllerModel.h	blob	100644	3636		unknown		PENDING			0	
include/UI/Dialogs/DialogFrame.h	blob	100644	2036		unknown		PENDING			0	
include/UI/Dialogs/EditControls.h	blob	100644	2824		unknown		PENDING			0	
include/UI/Dialogs/ItemEditDialog.h	blob	100644	496		unknown		PENDING			0	
include/UI/Dialogs/PickerDialog.h	blob	100644	2308		unknown		PENDING			0	
include/UI/Dialogs/SaveConfirmDialog.h	blob	100644	316		unknown		PENDING			0	
include/UI/Dialogs/StatEditDialog.h	blob	100644	525		unknown		PENDING			0	
include/UI/ExactFormatEditorProvider.h	blob	100644	5158	exact-format editor/source capability bridge	text	148	AUDITED			1	yes
include/UI/ExactSaveCapabilities.h	blob	100644	7867		unknown		PENDING			0	
include/UI/Gen1PokemonDetailsPresentation.h	blob	100644	2144		unknown		PENDING			0	
include/UI/Gen1PokemonEditorOverlay.h	blob	100644	578		unknown		PENDING			0	
include/UI/Gen1PokemonEditorUIContract.h	blob	100644	9292		unknown		PENDING			0	
include/UI/Gen1PokemonEditorUX3Contract.h	blob	100644	3475		unknown		PENDING			0	
include/UI/Gen1PokemonPresentation.h	blob	100644	1784		unknown		PENDING			0	
include/UI/Gen2HeldItemPicker.h	blob	100644	1885		unknown		PENDING			0	
include/UI/Gen2NativePresentation.h	blob	100644	8843		unknown		PENDING			0	
include/UI/Gen2PokemonEditorRules.h	blob	100644	2972		unknown		PENDING			0	
include/UI/Gen2PokemonPickerModel.h	blob	100644	5534		unknown		PENDING			0	
include/UI/Gen2PokemonSession.h	blob	100644	9998		unknown		PENDING			0	
include/UI/Gen2StagedAccess.h	blob	100644	1123		unknown		PENDING			0	
include/UI/Gen2TrainerSession.h	blob	100644	1240		unknown		PENDING			0	
include/UI/Gen2WorkspacePresentation.h	blob	100644	3603		unknown		PENDING			0	
include/UI/Gen3EncounterPickerModel.h	blob	100644	1582		unknown		PENDING			0	
include/UI/Gen3SharedPokemonSession.h	blob	100644	11301		unknown		PENDING			0	
include/UI/Gen4SharedPokemonSession.h	blob	100644	4796		unknown		PENDING			0	
include/UI/InventoryUIContract.h	blob	100644	4867		unknown		PENDING			0	
include/UI/LegacyPresentationRules.h	blob	100644	1370		unknown		PENDING			0	
include/UI/Modals/Gen1PokemonDetailsModal.h	blob	100644	705		unknown		PENDING			0	
include/UI/Modals/Gen2PokemonDetailsModal.h	blob	100644	693		unknown		PENDING			0	
include/UI/Modals/PokemonDetailsModal.h	blob	100644	1061		unknown		PENDING			0	
include/UI/NavigationRepeat.h	blob	100644	5729		unknown		PENDING			0	
include/UI/PKSEFramebuffer.h	blob	100644	10020		unknown		PENDING			0	
include/UI/Panels/BoxPokemonPanel.h	blob	100644	556		unknown		PENDING			0	
include/UI/Panels/CarriedSprite.h	blob	100644	1962		unknown		PENDING			0	
include/UI/Panels/HomeMenuPanel.h	blob	100644	583		unknown		PENDING			0	
include/UI/Panels/ItemsPanel.h	blob	100644	718		unknown		PENDING			0	
include/UI/Panels/PartyPokemonPanel.h	blob	100644	480		unknown		PENDING			0	
include/UI/Panels/StoragePanel.h	blob	100644	2154		unknown		PENDING			0	
include/UI/PokemonEditorExitGuard.h	blob	100644	1325		unknown		PENDING			0	
include/UI/PokemonEditorFoundationContract.h	blob	100644	12255		unknown		PENDING			0	
include/UI/PokemonViewActions.h	blob	100644	1350		unknown		PENDING			0	
include/UI/SaveSelectScreen.h	blob	100644	7259		unknown		PENDING			0	
include/UI/ScreenChrome.h	blob	100644	23745		unknown		PENDING			0	
include/UI/SharedHeldItemPicker.h	blob	100644	1420		unknown		PENDING			0	
include/UI/SharedPokemonEditorContract.h	blob	100644	25200		unknown		PENDING			0	
include/UI/SharedPokemonShell.h	blob	100644	8429		unknown		PENDING			0	
include/UI/SharedSpeciesPicker.h	blob	100644	6009	shared species picker layout/behavior	text	135	AUDITED			0	no
include/UI/SpeciesChangeLevelPolicy.h	blob	100644	671		unknown		PENDING			0	
include/UI/SpriteLayout.h	blob	100644	1266		unknown		PENDING			0	
include/UI/SpriteManager.h	blob	100644	4079		unknown		PENDING			0	
include/UI/StatsRadar.h	blob	100644	8426		unknown		PENDING			0	
include/UI/StoragePlacementCommit.h	blob	100644	1096		unknown		PENDING			0	
include/UI/SystemIcons.h	blob	100644	1456		unknown		PENDING			0	
include/UI/TouchInput.h	blob	100644	1581		unknown		PENDING			0	
include/UI/TrainerViewScreen.h	blob	100644	1398		unknown		PENDING			0	
include/UI/TrainerViewScreenBase.h	blob	100644	29588	trainer/storage UI state and source mutation gate	text	449	AUDITED			1	yes
include/UI/UI.h	blob	100644	2003		unknown		PENDING			0	
include/UI/UIScreen.h	blob	100644	405		unknown		PENDING			0	
include/Utils/CRC16.h	blob	100644	3316		unknown		PENDING			0	
include/Utils/DurableFile.h	blob	100644	3140	C++ header	text	87	AUDITED			0	yes
include/Utils/EventLog.h	blob	100644	4263		unknown		PENDING			0	
include/Utils/FileUtilities.h	blob	100644	2143		unknown		PENDING			0	
include/Utils/Gen2Text.h	blob	100644	7534		unknown		PENDING			0	
include/Utils/Gen3Text.h	blob	100644	13472		unknown		PENDING			0	
include/Utils/Gen4Text.h	blob	100644	30571		unknown		PENDING			0	
include/Utils/Gen4TextCodec.h	blob	100644	3244		unknown		PENDING			0	
include/Utils/HelperUtilities.h	blob	100644	1610		unknown		PENDING			0	
include/Utils/Keyboard.h	blob	100644	2731		unknown		PENDING			0	
include/Utils/Logger.h	blob	100644	2342		unknown		PENDING			0	
include/Utils/MD5.h	blob	100644	1003		unknown		PENDING			0	
include/Utils/MoveTransaction.h	blob	100644	5850	true-Move transaction API/state machine	text	206	AUDITED			0	no
include/Utils/MoveTransactionProduction.h	blob	100644	3904	production true-Move store/resolver API	text	123	AUDITED			0	no
include/Utils/NXTypes.h	blob	100644	1368		unknown		PENDING			0	
include/Utils/PhysicalMoveAudit.h	blob	100644	529		unknown		PENDING			0	
include/Utils/PokeBankPaths.h	blob	100644	7508		unknown		PENDING			0	
include/Utils/SCXorShift32.h	blob	100644	1690		unknown		PENDING			0	
include/Utils/SHA256.h	blob	100644	555		unknown		PENDING			0	
include/Utils/Settings.h	blob	100644	611		unknown		PENDING			0	
include/Utils/StringHelpers.h	blob	100644	1848		unknown		PENDING			0	
nanovg/fontstash.h	blob	100644	48977		unknown		PENDING			0	
nanovg/nanovg.c	blob	100644	77637		unknown		PENDING			0	
nanovg/nanovg.h	blob	100644	28603		unknown		PENDING			0	
nanovg/nanovg_gl.h	blob	100644	46912		unknown		PENDING			0	
nanovg/nanovg_gl_impl.c	blob	100644	315		unknown		PENDING			0	
nanovg/nanovg_gl_utils.h	blob	100644	4807		unknown		PENDING			0	
nanovg/stb_truetype.h	blob	100644	195646		unknown		PENDING			0	
recovery/RECOVERY_STATE.json	blob	100644	2658	recovery metadata	text		AUDITED			1	yes
recovery/assets_snapshot/README.md	blob	100644	989	recovery metadata	text		AUDITED			1	yes
recovery/assets_snapshot/manifest.json	blob	100644	1218	recovery metadata	text		AUDITED			0	
recovery/assets_snapshot/romfs-recovery.tar.part000	blob	100644	83886080	asset/recovery binary	binary		INSPECTED_INDIRECTLY			0	
recovery/assets_snapshot/romfs-recovery.tar.part001	blob	100644	69765120	asset/recovery binary	binary		INSPECTED_INDIRECTLY			0	
src/Conversion/Convert.cpp	blob	100644	91547		unknown		PENDING			0	
src/Conversion/RouteEvidence.cpp	blob	100644	31361		unknown		PENDING			0	
src/Encryption/Encryption.cpp	blob	100644	5023		unknown		PENDING			0	
src/Encryption/Encryption3FRLG.cpp	blob	100644	4663		unknown		PENDING			0	
src/Encryption/Encryption4.cpp	blob	100644	4196		unknown		PENDING			0	
src/Encryption/Encryption7LGPE.cpp	blob	100644	10799		unknown		PENDING			0	
src/Encryption/Encryption8BDSP.cpp	blob	100644	6845		unknown		PENDING			0	
src/Encryption/Encryption8LA.cpp	blob	100644	6790		unknown		PENDING			0	
src/Encryption/Encryption8SWSH.cpp	blob	100644	6839		unknown		PENDING			0	
src/Encryption/Encryption9LZA.cpp	blob	100644	7011		unknown		PENDING			0	
src/Encryption/Encryption9SV.cpp	blob	100644	6987		unknown		PENDING			0	
src/Enums/SCTypeCode.cpp	blob	100644	1798		unknown		PENDING			0	
src/Games/GameIdentity.cpp	blob	100644	6303	game/source identity registry	text	101	AUDITED			0	no
src/Integration/Gen1/Gen1BattleStats.cpp	blob	100644	2213		unknown		PENDING			0	
src/Integration/Gen1/Gen1MoveCompatibility.cpp	blob	100644	1699		unknown		PENDING			0	
src/Integration/Gen1/Gen1MoveCompatibilityData.inc	blob	100644	11885		unknown		PENDING			0	
src/Integration/Gen1/Gen1PackedMove.cpp	blob	100644	7239		unknown		PENDING			0	
src/Integration/Gen1/Gen1PersonalData.inc	blob	100644	6275		unknown		PENDING			0	
src/Integration/Gen1/Gen1ReadOnlyInventory.cpp	blob	100644	3960		unknown		PENDING			0	
src/Integration/Gen1/Gen1ReadOnlySave.cpp	blob	100644	22773		unknown		PENDING			0	
src/Integration/Gen1/Gen1StagedInventoryEditor.cpp	blob	100644	8558		unknown		PENDING			0	
src/Integration/Gen1/Gen1StagedPokemonEditor.cpp	blob	100644	20016	Gen I in-memory staged Pokémon editor	text	322	AUDITED			0	no
src/Integration/Gen2/Gen2ExportTransaction.cpp	blob	100644	10982		unknown		PENDING			0	
src/Integration/Gen2/Gen2MoveCompatibility.cpp	blob	100644	2758		unknown		PENDING			0	
src/Integration/Gen2/Gen2MoveCompatibilityData.inc	blob	100644	99931		unknown		PENDING			0	
src/Integration/Gen2/Gen2PackedMove.cpp	blob	100644	10207		unknown		PENDING			0	
src/Integration/Gen2/Gen2PersonalData.cpp	blob	100644	13636		unknown		PENDING			0	
src/Integration/Gen2/Gen2ReadOnlyInventory.cpp	blob	100644	11001		unknown		PENDING			0	
src/Integration/Gen2/Gen2ReadOnlySave.cpp	blob	100644	16694		unknown		PENDING			0	
src/Integration/Gen2/Gen2StagedEditor.cpp	blob	100644	53914		unknown		PENDING			0	
src/Integration/Gen2/Gen2UniversalInventory.cpp	blob	100644	12249		unknown		PENDING			0	
src/Integration/Gen3/FRLGReadModel.cpp	blob	100644	15298		unknown		PENDING			0	
src/Integration/Gen3/Gen3StagedInventoryEditor.cpp	blob	100644	17301	Gen III in-memory staged inventory editor	text	394	AUDITED			0	no
src/Integration/Gen3/Gen3StagedPokemonEditor.cpp	blob	100644	38706		unknown		PENDING			0	
src/Integration/Gen3/PKSMGen3Adapter.cpp	blob	100644	13703		unknown		PENDING			0	
src/Integration/Gen3/PKSMGen3NativeAdapter.cpp	blob	100644	11997		unknown		PENDING			0	
src/Integration/Gen4/Gen4AssignedSource.cpp	blob	100644	3011		unknown		PENDING			0	
src/Integration/Gen4/Gen4ReadOnlySave.cpp	blob	100644	13359		unknown		PENDING			0	
src/Integration/Gen4/Gen4SourceDiscovery.cpp	blob	100644	22450	bounded Gen IV emulator/manual source discovery	text	556	AUDITED			0	no
src/Integration/Gen4/Gen4StagedPokemonEditor.cpp	blob	100644	17352	Gen IV staged save mutation/rollback	text	486	AUDITED			0	no
src/Inventory/ClassicInventoryCatalog.cpp	blob	100644	15510		unknown		PENDING			0	
src/Legacy/FRLGReadOnlyTrainer.cpp	blob	100644	9585		unknown		PENDING			0	
src/Legacy/FRLGSourceBrowser.cpp	blob	100644	9438	Gen I-III source-card construction/resolution	text	190	AUDITED			0	no
src/Legacy/GSCReadOnlyTrainer.cpp	blob	100644	7735		unknown		PENDING			0	
src/Legacy/GSCSourceBrowser.cpp	blob	100644	5810	Gen II source-card construction/resolution	text	126	AUDITED			0	no
src/Legacy/Gen4ReadOnlyTrainer.cpp	blob	100644	7162		unknown		PENDING			0	
src/Legacy/LegacySourceBindings.cpp	blob	100644	23027		unknown		PENDING			0	
src/Legacy/RBYReadOnlyTrainer.cpp	blob	100644	7963		unknown		PENDING			0	
src/Legacy/RBYSourceBrowser.cpp	blob	100644	6041	Gen I source-card construction/resolution	text	131	AUDITED			0	no
src/Legacy/RetroArchFRLGDiscovery.cpp	blob	100644	29302	bounded RetroArch/mGBA/Tico Gen I-III discovery	text	616	AUDITED			0	no
src/Legacy/RetroArchGSCDiscovery.cpp	blob	100644	8308	bounded RetroArch Gen II discovery	text	46	AUDITED			0	yes
src/Legacy/RetroArchRBYDiscovery.cpp	blob	100644	14619	bounded RetroArch Gen I discovery	text	362	AUDITED			0	no
src/Legality/Legality.cpp	blob	100644	16500		unknown		PENDING			0	
src/Names/AbilityNames.cpp	blob	100644	11612		unknown		PENDING			0	
src/Names/FormNames.cpp	blob	100644	30424		unknown		PENDING			0	
src/Names/ItemNames.cpp	blob	100644	102371		unknown		PENDING			0	
src/Names/ItemPouches.cpp	blob	100644	31323		unknown		PENDING			0	
src/Names/ItemPresence.cpp	blob	100644	13455		unknown		PENDING			0	
src/Names/LocationNames.cpp	blob	100644	142717		unknown		PENDING			0	
src/Names/MachineDisplay.cpp	blob	100644	5972		unknown		PENDING			0	
src/Names/MoveInfo.cpp	blob	100644	23722		unknown		PENDING			0	
src/Names/MoveNames.cpp	blob	100644	21346		unknown		PENDING			0	
src/Names/MovePresence.cpp	blob	100644	6678		unknown		PENDING			0	
src/Names/NatureNames.cpp	blob	100644	1039		unknown		PENDING			0	
src/Names/RibbonNames.cpp	blob	100644	15624		unknown		PENDING			0	
src/Names/SpeciesNames.cpp	blob	100644	199465		unknown		PENDING			0	
src/Names/TMMoves.cpp	blob	100644	14364		unknown		PENDING			0	
src/Names/TypeNames.cpp	blob	100644	1098		unknown		PENDING			0	
src/Pokemon/AbilityInfo.cpp	blob	100644	1169		unknown		PENDING			0	
src/Pokemon/BaseStatsGen7.cpp	blob	100644	2304		unknown		PENDING			0	
src/Pokemon/BaseStatsGen89.cpp	blob	100644	15361		unknown		PENDING			0	
src/Pokemon/Experience.cpp	blob	100644	12628		unknown		PENDING			0	
src/Pokemon/FormInfo.cpp	blob	100644	11480		unknown		PENDING			0	
src/Pokemon/FormSpriteMapping.cpp	blob	100644	34055		unknown		PENDING			0	
src/Pokemon/LearnsetTable.cpp	blob	100644	3172672		unknown		PENDING			0	
src/Pokemon/PLADexTable.cpp	blob	100644	12203		unknown		PENDING			0	
src/Pokemon/PersonalInfo4DP.cpp	blob	100644	52279		unknown		PENDING			0	
src/Pokemon/PersonalInfo4HGSS.cpp	blob	100644	53074		unknown		PENDING			0	
src/Pokemon/PersonalInfo4PT.cpp	blob	100644	53056		unknown		PENDING			0	
src/Pokemon/PersonalInfoTable.cpp	blob	100644	190049		unknown		PENDING			0	
src/Pokemon/PersonalRecord4.cpp	blob	100644	109		unknown		PENDING			0	
src/Pokemon/Pokemon1ReadOnly.cpp	blob	100644	975		unknown		PENDING			0	
src/Pokemon/Pokemon2ReadOnly.cpp	blob	100644	1478		unknown		PENDING			0	
src/Pokemon/Pokemon3FRLG.cpp	blob	100644	19608		unknown		PENDING			0	
src/Pokemon/Pokemon4Mutable.cpp	blob	100644	37332	Gen IV mutable PK4 serialization/edit core	text	945	AUDITED			0	yes
src/Pokemon/Pokemon4ReadOnly.cpp	blob	100644	7726		unknown		PENDING			0	
src/Pokemon/Pokemon4ReadOnlyView.cpp	blob	100644	8598		unknown		PENDING			0	
src/Pokemon/Pokemon7LGPE.cpp	blob	100644	13067		unknown		PENDING			0	
src/Pokemon/Pokemon8BDSP.cpp	blob	100644	18491		unknown		PENDING			0	
src/Pokemon/Pokemon8LA.cpp	blob	100644	18198		unknown		PENDING			0	
src/Pokemon/Pokemon8SWSH.cpp	blob	100644	18139		unknown		PENDING			0	
src/Pokemon/Pokemon9LZA.cpp	blob	100644	18075		unknown		PENDING			0	
src/Pokemon/Pokemon9SV.cpp	blob	100644	18058		unknown		PENDING			0	
src/Pokemon/PokemonTypes.cpp	blob	100644	1613		unknown		PENDING			0	
src/Pokemon/SVDexTable.cpp	blob	100644	47312		unknown		PENDING			0	
src/Pokemon/SWSHDexTable.cpp	blob	100644	25413		unknown		PENDING			0	
src/Save/Block.cpp	blob	100644	7048		unknown		PENDING			0	
src/Save/GetSaveFileContents.cpp	blob	100644	41176		unknown		PENDING			0	
src/Trainer/Bank.cpp	blob	100644	29556	legacy Bank serialization/recovery/migration	text	611	AUDITED			1	yes
src/Trainer/Trainer.cpp	blob	100644	1480		unknown		PENDING			0	
src/Trainer/Trainer3FRLG.cpp	blob	100644	23130		unknown		PENDING			0	
src/Trainer/Trainer7LGPE.cpp	blob	100644	48284		unknown		PENDING			0	
src/Trainer/Trainer8BDSP.cpp	blob	100644	20776		unknown		PENDING			0	
src/Trainer/Trainer8LA.cpp	blob	100644	36866		unknown		PENDING			0	
src/Trainer/Trainer8SWSH.cpp	blob	100644	40486		unknown		PENDING			0	
src/Trainer/Trainer9LZA.cpp	blob	100644	45084		unknown		PENDING			0	
src/Trainer/Trainer9SV.cpp	blob	100644	40540		unknown		PENDING			0	
src/UI/BackupSelectionScreen.cpp	blob	100644	14155		unknown		PENDING			0	
src/UI/ClassicInventoryOverlay.cpp	blob	100644	40334		unknown		PENDING			0	
src/UI/ClassicInventoryUIModel.cpp	blob	100644	3480		unknown		PENDING			0	
src/UI/ClassicPackedMoveOverlay.inc	blob	100644	27633		unknown		PENDING			0	
src/UI/ClassicReleaseActionFix.inc	blob	100644	15493		unknown		PENDING			0	
src/UI/Dialogs/ItemEditDialog.cpp	blob	100644	6297		unknown		PENDING			0	
src/UI/Dialogs/PickerDialog.cpp	blob	100644	11567		unknown		PENDING			0	
src/UI/Dialogs/SaveConfirmDialog.cpp	blob	100644	5520		unknown		PENDING			0	
src/UI/Dialogs/StatEditDialog.cpp	blob	100644	4325		unknown		PENDING			0	
src/UI/Gen1PokemonDetailsPresentation.cpp	blob	100644	12921		unknown		PENDING			0	
src/UI/Gen1PokemonEditorFoundationHardwareFix.inc	blob	100644	20578		unknown		PENDING			0	
src/UI/Gen1PokemonEditorOverlay.cpp	blob	100644	48396		unknown		PENDING			0	
src/UI/Gen1PokemonEditorOverlayFoundation.inc	blob	100644	31073		unknown		PENDING			0	
src/UI/Gen1PokemonEditorOverlayUX.inc	blob	100644	50586		unknown		PENDING			0	
src/UI/Gen1PokemonEditorOverlayUXCleanup2.inc	blob	100644	56095		unknown		PENDING			0	
src/UI/Gen1PokemonEditorOverlayUXCleanup3.inc	blob	100644	35382		unknown		PENDING			0	
src/UI/Gen1PokemonEditorPassiveView.inc	blob	100644	1145		unknown		PENDING			0	
src/UI/Gen2HardwareFinalFix.inc	blob	100644	19308		unknown		PENDING			0	
src/UI/Gen2HardwarePickerFix.inc	blob	100644	5789		unknown		PENDING			0	
src/UI/Gen2HardwareWorkspaceFix.inc	blob	100644	4629		unknown		PENDING			0	
src/UI/Gen2PokemonEditorFoundation.inc	blob	100644	39358		unknown		PENDING			0	
src/UI/Gen2PokemonPickerOverlay.inc	blob	100644	12400		unknown		PENDING			0	
src/UI/Gen2SharedPokemonSurface.inc	blob	100644	29650		unknown		PENDING			0	
src/UI/Gen2SharedSurfaceParity.inc	blob	100644	18969		unknown		PENDING			0	
src/UI/Gen2TrainerSessionOverlay.inc	blob	100644	2691		unknown		PENDING			0	
src/UI/Gen2UnifiedPokemonWorkspace.inc	blob	100644	42404		unknown		PENDING			0	
src/UI/Gen3SharedPokemonSurface.inc	blob	100644	78589		unknown		PENDING			0	
src/UI/Gen4SharedPokemonSurface.inc	blob	100644	66353		unknown		PENDING			0	
src/UI/Modals/Gen1PokemonDetailsModal.cpp	blob	100644	3945		unknown		PENDING			0	
src/UI/Modals/Gen2PokemonDetailsModal.cpp	blob	100644	14261		unknown		PENDING			0	
src/UI/Modals/PokemonDetailsDispatcher.cpp	blob	100644	1195		unknown		PENDING			0	
src/UI/Modals/PokemonDetailsModal.cpp	blob	100644	34505		unknown		PENDING			0	
src/UI/PKSEFramebuffer.cpp	blob	100644	27588		unknown		PENDING			0	
src/UI/Panels/BoxPokemonPanel.cpp	blob	100644	21845		unknown		PENDING			0	
src/UI/Panels/HomeMenuPanel.cpp	blob	100644	8866		unknown		PENDING			0	
src/UI/Panels/ItemsPanel.cpp	blob	100644	11918		unknown		PENDING			0	
src/UI/Panels/PartyPokemonPanel.cpp	blob	100644	7898		unknown		PENDING			0	
src/UI/Panels/StoragePanel.cpp	blob	100644	35794		unknown		PENDING			0	
src/UI/SaveSelectScreen.cpp	blob	100644	64968		unknown		PENDING			0	
src/UI/SpriteManager.cpp	blob	100644	8162		unknown		PENDING			0	
src/UI/SystemIcons.cpp	blob	100644	7450		unknown		PENDING			0	
src/UI/TouchInput.cpp	blob	100644	744		unknown		PENDING			0	
src/UI/TrainerViewScreen.cpp	blob	100644	2102		unknown		PENDING			0	
src/UI/TrainerViewScreenBase.inc	blob	100644	295298		unknown		PENDING			0	
src/UI/TrainerViewScreenCompositeOverlay.cpp	blob	100644	12096		unknown		PENDING			0	
src/UI/TrainerViewScreenGSCOverlay.cpp	blob	100644	430		unknown		PENDING			0	
src/UI/TrainerViewScreenGSCOverlay.inc	blob	100644	34758		unknown		PENDING			0	
src/UI/UI.cpp	blob	100644	15976		unknown		PENDING			0	
src/Utils/DurableFile.cpp	blob	100644	14493	durable file replacement/recovery	text	383	AUDITED			0	yes
src/Utils/EventLog.cpp	blob	100644	9765		unknown		PENDING			0	
src/Utils/FileUtilities.cpp	blob	100644	16963		unknown		PENDING			0	
src/Utils/HelperUtilities.cpp	blob	100644	4249		unknown		PENDING			0	
src/Utils/Keyboard.cpp	blob	100644	3770		unknown		PENDING			0	
src/Utils/Logger.cpp	blob	100644	8442		unknown		PENDING			0	
src/Utils/MD5.cpp	blob	100644	5471		unknown		PENDING			0	
src/Utils/MoveTransaction.cpp	blob	100644	36711	true-Move journal/recovery engine	text	828	AUDITED			0	yes
src/Utils/MoveTransactionProduction.cpp	blob	100644	11383	production true-Move store resolver/recovery	text	323	AUDITED			0	no
src/Utils/PhysicalMoveAudit.cpp	blob	100644	22286		unknown		PENDING			0	
src/Utils/ReadAllBytes.cpp	blob	100644	922		unknown		PENDING			0	
src/Utils/SHA256.cpp	blob	100644	4770		unknown		PENDING			0	
src/Utils/Settings.cpp	blob	100644	3133	application settings persistence	text	78	AUDITED			1	yes
src/Utils/StringHelpers.cpp	blob	100644	8121		unknown		PENDING			0	
src/main.cpp	blob	100644	4227		unknown		PENDING			0	
tests/fixtures/gen4/README.md	blob	100644	791		unknown		PENDING			0	
tests/fixtures/gen4/blank-party.hex	blob	100644	473		unknown		PENDING			0	
tests/fixtures/gen4/blank-stored.hex	blob	100644	273		unknown		PENDING			0	
tests/fixtures/gsc_pokemon_fixture.h	blob	100644	5749		unknown		PENDING			0	
tests/fixtures/main_workspace_move_focus.h	blob	100644	2354		unknown		PENDING			0	
tests/test_action_sheet_model.cpp	blob	100644	3297		unknown		PENDING			0	
tests/test_backup_namespace_contract.cpp	blob	100644	7520		unknown		PENDING			0	
tests/test_backup_workspace_durability.cpp	blob	100644	2801		unknown		PENDING			0	
tests/test_bank_format_policy.cpp	blob	100644	1274	Bank format fail-closed source-contract test	text	34	AUDITED			0	yes
tests/test_bank_recovery_contract.cpp	blob	100644	887	Bank recovery preservation source-contract test	text	28	AUDITED			0	yes
tests/test_bdsp_layout_guard.cpp	blob	100644	1847		unknown		PENDING			0	
tests/test_classic_inventory_catalog.cpp	blob	100644	3681		unknown		PENDING			0	
tests/test_classic_inventory_ui_model.cpp	blob	100644	5765		unknown		PENDING			0	
tests/test_classic_picker_type_contract.cpp	blob	100644	2070		unknown		PENDING			0	
tests/test_clean_install_runtime.cpp	blob	100644	1793		unknown		PENDING			0	
tests/test_controller_model.cpp	blob	100644	1405		unknown		PENDING			0	
tests/test_conversion_entity_golden.cpp	blob	100644	179590		unknown		PENDING			0	
tests/test_conversion_evidence.cpp	blob	100644	38044		unknown		PENDING			0	
tests/test_conversion_fidelity_golden.cpp	blob	100644	7766		unknown		PENDING			0	
tests/test_durable_file.cpp	blob	100644	4129	durable replacement host regression test	text	106	AUDITED			0	no
tests/test_encounter_guardrails.cpp	blob	100644	5955		unknown		PENDING			0	
tests/test_game_identity.cpp	blob	100644	6450		unknown		PENDING			0	
tests/test_gen12_packed_move.cpp	blob	100644	16995		unknown		PENDING			0	
tests/test_gen12_packed_multimove.cpp	blob	100644	15806		unknown		PENDING			0	
tests/test_gen1_battle_stats.cpp	blob	100644	1603		unknown		PENDING			0	
tests/test_gen1_cleanup3_staged_semantics.cpp	blob	100644	9777		unknown		PENDING			0	
tests/test_gen1_move_compatibility.cpp	blob	100644	3500		unknown		PENDING			0	
tests/test_gen1_pokemon_editor_ui_contract.cpp	blob	100644	17099		unknown		PENDING			0	
tests/test_gen1_pokemon_editor_ux3_contract.cpp	blob	100644	3584		unknown		PENDING			0	
tests/test_gen1_radar_render.cpp	blob	100644	2353		unknown		PENDING			0	
tests/test_gen1_shiny.cpp	blob	100644	2136		unknown		PENDING			0	
tests/test_gen1_summary_presentation.cpp	blob	100644	4985		unknown		PENDING			0	
tests/test_gen3_exact_format_editor_provider.cpp	blob	100644	7349		unknown		PENDING			0	
tests/test_gen3_hardware_surface_contract.cpp	blob	100644	17981		unknown		PENDING			0	
tests/test_gen3_legality_context.cpp	blob	100644	2273		unknown		PENDING			0	
tests/test_gen3_party_record.cpp	blob	100644	1308		unknown		PENDING			0	
tests/test_gen3_pid_search_fail_closed.cpp	blob	100644	1915		unknown		PENDING			0	
tests/test_gen3_shared_pokemon_session.cpp	blob	100644	13289		unknown		PENDING			0	
tests/test_gen3_shell_render.cpp	blob	100644	4563		unknown		PENDING			0	
tests/test_gen3_staged_inventory.cpp	blob	100644	11182		unknown		PENDING			0	
tests/test_gen3_staged_pokemon_editor.cpp	blob	100644	25703		unknown		PENDING			0	
tests/test_gen4_exact_format_editor_provider.cpp	blob	100644	6726		unknown		PENDING			0	
tests/test_gen4_hardware_surface_contract.cpp	blob	100644	12367		unknown		PENDING			0	
tests/test_gen4_mutable_pokemon.cpp	blob	100644	32148		unknown		PENDING			0	
tests/test_gen4_readonly_foundation.cpp	blob	100644	56152		unknown		PENDING			0	
tests/test_gen4_safety_contract.py	blob	100755	5437		unknown		PENDING			0	
tests/test_gen4_staged_pokemon_editor.cpp	blob	100644	19429		unknown		PENDING			0	
tests/test_gsc_discovery.cpp	blob	100644	7279		unknown		PENDING			0	
tests/test_gsc_editor_surface_contract.cpp	blob	100644	22828		unknown		PENDING			0	
tests/test_gsc_export_transaction.cpp	blob	100644	6751		unknown		PENDING			0	
tests/test_gsc_gen2_adapter.cpp	blob	100644	7559		unknown		PENDING			0	
tests/test_gsc_gen2_personal.cpp	blob	100644	2276		unknown		PENDING			0	
tests/test_gsc_inventory.cpp	blob	100644	3654		unknown		PENDING			0	
tests/test_gsc_move_compatibility.cpp	blob	100644	3662		unknown		PENDING			0	
tests/test_gsc_native_presentation.cpp	blob	100644	7335		unknown		PENDING			0	
tests/test_gsc_pokemon_editor.cpp	blob	100644	16135		unknown		PENDING			0	
tests/test_gsc_pokemon_session.cpp	blob	100644	22201		unknown		PENDING			0	
tests/test_gsc_readonly_bridge.cpp	blob	100644	11847		unknown		PENDING			0	
tests/test_gsc_runtime_catalog.cpp	blob	100644	4861		unknown		PENDING			0	
tests/test_gsc_shared_editor_parity.cpp	blob	100644	12654		unknown		PENDING			0	
tests/test_gsc_source_browser.cpp	blob	100644	6606		unknown		PENDING			0	
tests/test_gsc_staged_editor.cpp	blob	100644	10831		unknown		PENDING			0	
tests/test_gsc_ui_rules.cpp	blob	100644	6658		unknown		PENDING			0	
tests/test_gsc_universal_inventory.cpp	blob	100644	7825		unknown		PENDING			0	
tests/test_gsc_workspace_render.cpp	blob	100644	10542		unknown		PENDING			0	
tests/test_inventory_ui_contract.cpp	blob	100644	6977		unknown		PENDING			0	
tests/test_legacy_frlg_browse.cpp	blob	100644	16034		unknown		PENDING			0	
tests/test_legacy_source_bindings.cpp	blob	100644	10555		unknown		PENDING			0	
tests/test_machine_display.cpp	blob	100644	2649		unknown		PENDING			0	
tests/test_move_transaction_fault_matrix.cpp	blob	100644	10475		unknown		PENDING			0	
tests/test_move_transaction_journal.cpp	blob	100644	25640		unknown		PENDING			0	
tests/test_move_transaction_production.cpp	blob	100644	10842		unknown		PENDING			0	
tests/test_navigation_repeat.cpp	blob	100644	3439		unknown		PENDING			0	
tests/test_passive_pokemon_view_contract.cpp	blob	100644	5186		unknown		PENDING			0	
tests/test_pksm_gen3_adapter.cpp	blob	100644	20829		unknown		PENDING			0	
tests/test_pla_read_validation.cpp	blob	100644	4047		unknown		PENDING			0	
tests/test_pokebank_paths.cpp	blob	100644	2516		unknown		PENDING			0	
tests/test_pokemon_editor_foundation_contract.cpp	blob	100644	9301		unknown		PENDING			0	
tests/test_pre_gen3_reuse_guard.cpp	blob	100644	4218		unknown		PENDING			0	
tests/test_rby_discovery.cpp	blob	100644	11942		unknown		PENDING			0	
tests/test_rby_gen1_adapter.cpp	blob	100644	13736		unknown		PENDING			0	
tests/test_rby_inventory.cpp	blob	100644	4740		unknown		PENDING			0	
tests/test_rby_pokemon_editor.cpp	blob	100644	13599		unknown		PENDING			0	
tests/test_rby_readonly_bridge.cpp	blob	100644	8106		unknown		PENDING			0	
tests/test_rby_source_browser.cpp	blob	100644	2894		unknown		PENDING			0	
tests/test_rby_staged_inventory.cpp	blob	100644	6678		unknown		PENDING			0	
tests/test_retroarch_frlg_discovery.cpp	blob	100644	17720		unknown		PENDING			0	
tests/test_rse_gen3_adapter.cpp	blob	100644	25892		unknown		PENDING			0	
tests/test_rse_open_regression.cpp	blob	100644	9281		unknown		PENDING			0	
tests/test_runtime_dependency_contract.cpp	blob	100644	1077		unknown		PENDING			0	
tests/test_save_instance_architecture_contract.py	blob	100644	5437		unknown		PENDING			0	
tests/test_save_instance_model.cpp	blob	100644	5311		unknown		PENDING			0	
tests/test_shared_editor_heading_contract.cpp	blob	100644	12864		unknown		PENDING			0	
tests/test_shared_pokemon_editor_contract.cpp	blob	100644	15519		unknown		PENDING			0	
tests/test_shared_species_picker_surface_contract.cpp	blob	100644	2643	shared species picker source contract test	text	66	AUDITED			0	no
tests/test_source_mutation_policy.cpp	blob	100644	1841	source mutation policy/action-sheet regression	text	38	AUDITED			1	yes
tests/test_sprite_layout.cpp	blob	100644	1051		unknown		PENDING			0	
tests/test_storage_conversion_custody_contract.cpp	blob	100644	8891	conversion placement custody regression	text	185	AUDITED			0	no
tests/test_storage_custody_contract.cpp	blob	100644	1531	storage custody rollback regression	text	40	AUDITED			0	no
tests/test_theme.cpp	blob	100644	13980		unknown		PENDING			0	
tests/test_v1_polish_contract.py	blob	100644	7989		unknown		PENDING			0	
tests/test_write_policy.cpp	blob	100644	1007		unknown		PENDING			0	
tools/check_device_assets.py	blob	100755	8842		unknown		PENDING			0	
tools/check_recovery_contract.py	blob	100644	2978		unknown		PENDING			0	
tools/gen_gen2_move_compatibility.py	blob	100644	8295		unknown		PENDING			0	
tools/gen_gen4_personal.py	blob	100644	11443		unknown		PENDING			0	
tools/gen_gen4text.py	blob	100644	9944		unknown		PENDING			0	
tools/gen_hdsprites.py	blob	100644	7465		unknown		PENDING			0	
tools/gen_itempouches.py	blob	100644	10609		unknown		PENDING			0	
tools/gen_itempresence.py	blob	100644	10167		unknown		PENDING			0	
tools/gen_learnsets.py	blob	100644	39706		unknown		PENDING			0	
tools/gen_locations.py	blob	100644	11256	generated location table generator	text	214	AUDITED			0	no
tools/gen_moveinfo.py	blob	100644	8818		unknown		PENDING			0	
tools/gen_movenames.py	blob	100644	2884		unknown		PENDING			0	
tools/gen_movepresence.py	blob	100644	6427		unknown		PENDING			0	
tools/gen_personal.py	blob	100644	25652		unknown		PENDING			0	
tools/gen_pladex.py	blob	100644	8089		unknown		PENDING			0	
tools/gen_speciesnames.py	blob	100755	5414		unknown		PENDING			0	
tools/gen_svdex.py	blob	100644	7622		unknown		PENDING			0	
tools/gen_swshdex.py	blob	100644	6501		unknown		PENDING			0	
tools/name_languages.py	blob	100755	3774		unknown		PENDING			0	
tools/pack_recovery_snapshot.py	blob	100644	3971		unknown		PENDING			0	
tools/package_device_build.py	blob	100644	6974		unknown		PENDING			0	
tools/pkhex_source.py	blob	100644	3041		unknown		PENDING			0	
tools/recover_workspace.py	blob	100644	11689		unknown		PENDING			0	
tools/regenerate.py	blob	100755	7338		unknown		PENDING			0	
tools/verify_embedded_romfs.py	blob	100644	3402		unknown		PENDING			0	
vendor/PKSM-Core	commit	160000			unknown		PENDING			0
